name,sku,price,cost,stock,min_stock,category
"NIVEAU LASER CROWN CT44150 30M (نيفو ليزر كراون 30 متر)","CT44150",0,0,0,5,"Quincaillerie & Outillage"
"NIVEAU LASER CROWN CT44091 16 LIGNES 30M (نيفو ليزر كراون 16 خط 30 متر)","CT44091",0,0,0,5,"Quincaillerie & Outillage"
"NIVEAU LASER FIX TOPE 16 LIGNES (نيفو ليزر فيكس طوب 16 خط)","NLR-16",0,0,0,5,"Quincaillerie & Outillage"
"CHEVILLE METALLIQUE M6 (شوفي ميتاليك 6)","CHEV-M6",0,0,0,5,"Quincaillerie & Placo"
"CHEVILLE METALLIQUE M8 (شوفي ميتاليك 8)","CHEV-M8",0,0,0,5,"Quincaillerie & Placo"
"SPOT SAMSUNG 10W 3D (سبوت سامسونغ 10 واط 3 دي)","18386",0,0,0,5,"Électricité & Éclairage"
"LAMPE 11W LED WELLMAX (لامبة 11 واط ليد ويلماكس)","LMPW11W",0,0,0,5,"Électricité & Éclairage"
"LAMPE 13W WELLMAX (لامبة 13 واط ويلماكس)","13314",0,0,0,5,"Électricité & Éclairage"
"TIGE FILETEE N°06 (تيج فيلتي رقم 6)","TIG-F06",0,0,0,5,"Quincaillerie & Placo"
"TIGE FILETEE N°08 (تيج فيلتي رقم 8)","TIG-F08",0,0,0,5,"Quincaillerie & Placo"
"LA FARGE PATE A JOINT BLANC 5KG (لافارج باط أ جوان أبيض 5 كغ)","5406",0,0,0,5,"Peinture & Enduits"
"MIDY LAQUE BLEU CIEL 700G (ميدي لاك أزرق سماوي 700 غ)","9320",0,0,0,5,"Peinture & Enduits"
"MIDY LAQUE JAUNE 700G (ميدي لاك أصفر 700 غ)","9321",0,0,0,5,"Peinture & Enduits"
"COLLE SILICONE PROSEAL NACISIL TRANSPARENT (كول سيليكون بروسيل ترونسبارو)","PRO-SIL-TR",0,0,0,5,"Droguerie & Mastics"
"COLLE SILICONE PROSEAL NACISIL BLANC (كول سيليكون بروسيل أبيض)","PRO-SIL-BL",0,0,0,5,"Droguerie & Mastics"
"SOUKOY SKY PRISE SIMPLE (سوكوي سكاي بريز سامبل)","SASKPS",0,0,0,5,"Électricité & Éclairage"
"SOUKOY SKY INTERRUPTEUR SIMPLE (سوكوي سكاي أنتربتور سامبل)","SASKSA",0,0,0,5,"Électricité & Éclairage"
"SOUKOY SKY INTERRUPTEUR VA ET VIENT (سوكوي سكاي فافيانت)","SASKVV",0,0,0,5,"Électricité & Éclairage"
"GOULOTTE PVC 12X12 (قولوط بلاستيك 12/12)","GOUL-1212",0,0,0,5,"Électricité & Éclairage"
"GOULOTTE PVC 16X16 (قولوط بلاستيك 16/16)","GOUL-1616",0,0,0,5,"Électricité & Éclairage"
"GOULOTTE PVC 25X16 (قولوط بلاستيك 25/16)","GOUL-2516",0,0,0,5,"Électricité & Éclairage"
"GOULOTTE PVC 40X25 (قولوط بلاستيك 40/25)","GOUL-4025",0,0,0,5,"Électricité & Éclairage"
"GRILLE D'AERATION 10X10 (قري دايراسيون 10/10)","GRL-AER-10",0,0,0,5,"Quincaillerie & Placo"
"GRILLE D'AERATION 15X15 (قري دايراسيون 15/15)","GRL-AER-15",0,0,0,5,"Quincaillerie & Placo"
"DOUILLE E27 A VIS (دوي أ فيس 27)","DOUILLE-E27",0,0,0,5,"Électricité & Éclairage"
"TRINGLE MIMOZA 2.10M BLANC (ترانغل ميموزا 2.10م أبيض)","TR-MIM-210-BL",0,0,0,5,"Quincaillerie & Placo"
"TRINGLE MIMOZA 2.10M NOIR (ترانغل ميموزا 2.10م أسود)","TR-MIM-210-NR",0,0,0,5,"Quincaillerie & Placo"
"TRINGLE MIMOZA 2.10M BRONZE (ترانغل ميموزا 2.10م برونز)","TR-MIM-210-BZ",0,0,0,5,"Quincaillerie & Placo"
"CABLE SOUPLE 2X2.5 EL WAFAA (كابل سوبل 2*2.5 الوفاء)","CAB-2X25-ELW",0,0,0,5,"Électricité & Éclairage"
"BOULON 8X20 AVEC ECROU (بولون 8*20 مع لكرو)","BOUL-820",0,0,0,5,"Quincaillerie & Placo"
"FIL ELECTRIQUE 1.5 MOSTA (خيط تريسيتي 1.5 مستغانم)","FIL-15-MOSTA",0,0,0,5,"Électricité & Éclairage"
"FIL ELECTRIQUE 2.5 MOSTA (خيط تريسيتي 2.5 مستغانم)","FIL-25-MOSTA",0,0,0,5,"Électricité & Éclairage"
"CABLE 2X6 SETIF (كابل تريسيتي 2*6 سطيف)","CAB-2X6-SETIF",0,0,0,5,"Électricité & Éclairage"
"ECROU N°05 (إكرو رقم 5)","ECROU-N05",0,0,0,5,"Quincaillerie & Placo"
"ECROU N°06 (إكرو رقم 6)","ECROU-N06",0,0,0,5,"Quincaillerie & Placo"
"ECROU N°08 (إكرو رقم 8)","ECROU-N08",0,0,0,5,"Quincaillerie & Placo"
"SERRURE SMTOP SM23 120 (قفل سيرير أس أم طوب 120)","SM23-120",0,0,0,5,"Quincaillerie & Outillage"
"SERRURE SMTOP SM27 C/S (قفل سيرير أس أم طوب 27)","SM27-CS",0,0,0,5,"Quincaillerie & Outillage"
"LAMPE RECHARGEABLE SAMSUNG 9W (لامبة روشارجابل سامسونغ 9 واط)","LMP-SAMS-9W-REC",0,0,0,5,"Électricité & Éclairage"
"LAMPE RECHARGEABLE SAMSUNG 11W (لامبة روشارجابل سامسونغ 11 واط)","LMP-SAMS-11W-REC",0,0,0,5,"Électricité & Éclairage"
"LAMPE RECHARGEABLE SAMSUNG 13W (لامبة روشارجابل سامسونغ 13 واط)","LMP-SAMS-13W-REC",0,0,0,5,"Électricité & Éclairage"
"LAMPE RECHARGEABLE SAMSUNG 18W (لامبة روشارجابل سامسونغ 18 واط)","LMP-SAMS-18W-REC",0,0,0,5,"Électricité & Éclairage"
"MOUSSE SELSIL 750ML (موس سيلسيل 750 مل)","21029",0,0,0,5,"Droguerie & Mastics"
"TELERUPTEUR CHINT 16A (تيليريبتور شانت 16 أمبير)","TELERUP-CHINT-16A",0,0,0,5,"Électricité & Éclairage"
"COLLE SUPER GLUE + DURCISSEUR FAST WELD (سوبر قلو مع دورسيسور فاست ويلد)","GLUE-FASTWELD",0,0,0,5,"Droguerie & Mastics"
"ESCABEAU EULMA N°6 (سلم ألمنيوم العلمة 6 درجات)","ESCAB-EULMA-N6",0,0,0,5,"Quincaillerie & Outillage"
"ESCABEAU EULMA N°7 (سلم ألمنيوم العلمة 7 درجات)","ESCAB-EULMA-N7",0,0,0,5,"Quincaillerie & Outillage"
"TRINGLE DOUBLE 2.10M CHROME (ترانغل دوبل 2.10م كرومي)","TR-DBL-210-CH",0,0,0,5,"Quincaillerie & Placo"
"TRINGLE DOUBLE 2.10M BRONZE (ترانغل دوبل 2.10م برونز)","TR-DBL-210-BZ",0,0,0,5,"Quincaillerie & Placo"
"SPOT SAMSUNG 36W 3D (سبوت سامسونغ 36 واط)","18027",0,0,0,5,"Électricité & Éclairage"
"SPOT SAMSUNG 18W 3D (سبوت سامسونغ 18 واط)","18385",0,0,0,5,"Électricité & Éclairage"
"DISQUE RESINE SCRATCH N°220 (ديسك ريزين سكراش 220)","DISQ-RES-220",0,0,0,5,"Quincaillerie & Outillage"
"PLAQUE KNAUF BA13 STANDARD (بلاكة كناوف بلاكو با13)","PLAQ-KNAUF-BA13",0,0,0,5,"Quincaillerie & Placo"
"PLAQUE KNAUF HYDROFUGE BA13 VERT (بلاكة كناوف هيدروفوج خضراء با13)","PLAQ-HYDRO-BA13",0,0,0,5,"Quincaillerie & Placo"
"CORNIERE GALVA 3M (كورنيير قالفا 3م)","CORN-GALVA",0,0,0,5,"Quincaillerie & Placo"
"FOURRURE 3M (فورير 3م)","FOUR-3M",0,0,0,5,"Quincaillerie & Placo"
"FOURRURE 4M (فورير 4م)","FOUR-4M",0,0,0,5,"Quincaillerie & Placo"
"FOURRURE 5.3M (فورير 5.3م)","FOUR-53M",0,0,0,5,"Quincaillerie & Placo"
"RAIL 48 GALVA (راي 48 قالفا)","RAIL-48",0,0,0,5,"Quincaillerie & Placo"
"MONTANT 48 GALVA (مونطو 48 قالفا)","MONT-48",0,0,0,5,"Quincaillerie & Placo"
"RAIL 70 GALVA (راي 70 قالفا)","RAIL-70",0,0,0,5,"Quincaillerie & Placo"
"MONTANT 70 GALVA (مونطو 70 قالفا)","MONT-70",0,0,0,5,"Quincaillerie & Placo"
"TIGE MAHOR POUR SUSPENTE (تيج ماهور سوسبونت)","TIGE-MAHOR",0,0,0,5,"Quincaillerie & Placo"
"VIS PLACO 25 ABC (فيس بلاكو 25 أ ب س)","VIS-25-ABC",0,0,0,5,"Quincaillerie & Placo"
"CAVALIER SURIN POUR FOURRURE (كافالي سوران)","CAVALIER-SURIN",0,0,0,5,"Quincaillerie & Placo"
"CHEVILLE LAITON POUR PLACO (شوفي ليتون نحاس)","CHEVILLE-LITON",0,0,0,5,"Quincaillerie & Placo"
"CHEVILLE A FRAPPER (شوفي أ فرابي)","CHEVILLE-FRAPPE",0,0,0,5,"Quincaillerie & Placo"
"ENDUIT TERRACO 25KG (لاندوي تيراكو 25 كغ)","ENDUIT-TERRACO-25KG",0,0,0,5,"Peinture & Enduits"
"PERLFIX KNAUF COLLE PLACO 25KG (بيرلفيكس كناوف كول بلاكو 25 كغ)","PERLFIX-KNAUF",0,0,0,5,"Peinture & Enduits"
"PLACOL COLLE POUR PLACO 25KG (بلاكول كول بلاكو 25 كغ)","PLACOL-COLLE",0,0,0,5,"Peinture & Enduits"
"BANDE ARMEE POUR PLACO (بوند أرمي بلاكو)","BANDE-ARMEE",0,0,0,5,"Quincaillerie & Placo"
"BANDE ADHESIVE GRILLAGE (بوند أدريزيف قرياج)","BANDE-ADHESIVE",0,0,0,5,"Quincaillerie & Placo"
"BANDE A JOINT PAPIER KNAUF (بوند أ جوان كناوف)","BANDE-A-JOINT",0,0,0,5,"Quincaillerie & Placo"
"GORGE PVC H4 (غورج بلاستيك أش 4)","GORGE-PVC-H4",0,0,0,5,"Quincaillerie & Placo"
"PLAQUE CHEVAL BLANC BA13 (بلاكة شوفال بلون با13)","PLAQ-CHEVAL-BLANC",0,0,0,5,"Quincaillerie & Placo"
"PROFILS OMG ALU (بروفيل أ و أم جي)","PROF-OMG",0,0,0,5,"Quincaillerie & Placo"
"PVC MAHOR B5 (بي في سي ماهور ب5)","PVC-MAHOR-B5",0,0,0,5,"Placo & Décoration PVC"
"PVC MAHOR W17 (بي في سي ماهور دبل يو 17)","PVC-MAHOR-W17",0,0,0,5,"Placo & Décoration PVC"
"PVC MAHOR S10 (بي في سي ماهور أس 10)","PVC-MAHOR-S10",0,0,0,5,"Placo & Décoration PVC"
"PVC MAHOR S1B (بي في سي ماهور أس 1 ب)","PVC-MAHOR-S1B",0,0,0,5,"Placo & Décoration PVC"
"PVC MAHOR E3 (بي في سي ماهور أو 3)","PVC-MAHOR-E3",0,0,0,5,"Placo & Décoration PVC"
"PVC MAHOR S11 (بي في سي ماهور أس 11)","PVC-MAHOR-S11",0,0,0,5,"Placo & Décoration PVC"
"PVC SINDA G13 (بي في سي سيندا جي 13)","PVC-SINDA-G13",0,0,0,5,"Placo & Décoration PVC"
"PVC SINDA G15 (بي في سي سيندا جي 15)","PVC-SINDA-G15",0,0,0,5,"Placo & Décoration PVC"
"PVC SINDA G7-4 (بي في سي سيندا جي 7-4)","PVC-SINDA-G74",0,0,0,5,"Placo & Décoration PVC"
"PVC SINDA E15 (بي في سي سيندا أو 15)","PVC-SINDA-E15",0,0,0,5,"Placo & Décoration PVC"
"PVC SINDA ADIDAS 3002 (بي في سي سيندا أديداس 3002)","PVC-SINDA-AD3002",0,0,0,5,"Placo & Décoration PVC"
"PVC SINDA 1002 (بي في سي سيندا 1002)","PVC-SINDA-1002",0,0,0,5,"Placo & Décoration PVC"
"PANNEAU WPC DECORATIF BEIGE (بانو دوبل في بي سي بيج)","WPC-BEIGE",0,0,0,5,"Placo & Décoration PVC"
"PANNEAU WPC BLANC MARBRE (بانو دوبل في بي سي رخام أبيض)","WPC-BLANC-MARBRE",0,0,0,5,"Placo & Décoration PVC"
"PANNEAU WPC MARRON CLAIR (بانو دوبل في بي سي بني فاتح)","WPC-MARRON-CLAIR",0,0,0,5,"Placo & Décoration PVC"
"PANNEAU WPC CHOCO MEUBLE (بانو دوبل في بي سي شوكولا)","WPC-CHOCO",0,0,0,5,"Placo & Décoration PVC"
"PANNEAU WPC GRIS (بانو دوبل في بي سي رمادي)","WPC-GRIS",0,0,0,5,"Placo & Décoration PVC"
"PANNEAU WPC FAUX BOIS (بانو دوبل في بي سي خشب)","WPC-FAUX-BOIS",0,0,0,5,"Placo & Décoration PVC"
"PANNEAU WPC NOIR DORE (بانو دوبل في بي سي أسود ذهبي)","WPC-NOIR-DORE",0,0,0,5,"Placo & Décoration PVC"
"FAUX MARBRE ROULEAU F-130 (فو ماربر رولو 130)","MARB-F130",0,0,0,5,"Placo & Décoration PVC"
"FAUX MARBRE ROULEAU F-131 (فو ماربر رولو 131)","MARB-F131",0,0,0,5,"Placo & Décoration PVC"
"FAUX MARBRE ROULEAU F-153 (فو ماربر رولو 153)","MARB-F153",0,0,0,5,"Placo & Décoration PVC"
"FAUX MARBRE ROULEAU F-24 (فو ماربر رولو 24)","MARB-F24",0,0,0,5,"Placo & Décoration PVC"
"FAUX MARBRE ROULEAU F-27 (فو ماربر رولو 27)","MARB-F27",0,0,0,5,"Placo & Décoration PVC"
"GAZON SYNTHETIQUE ROULEAU (قازون اصطناعي رولو)","GAZON-SYNTH",0,0,0,5,"Placo & Décoration PVC"
"PANDA RACLETTE ROND N18 PLASTIC (باندا راكليط مدور بلاستيك 18)","5108",0,0,0,5,"Quincaillerie & Outillage"
"PANDA RACLETTE ROND N20 PLASTIC (باندا راكليط مدور بلاستيك 20)","GHDOJD",0,0,0,5,"Quincaillerie & Outillage"
"PANDA RACLETTE ROND N22 PLASTIC (باندا راكليط مدور بلاستيك 22)","+*1",0,0,0,5,"Quincaillerie & Outillage"
"PANDA RACLETTE ROND N24 PLASTIQUE (باندا راكليط مدور بلاستيك 24)","8536",0,0,0,5,"Quincaillerie & Outillage"
"LEADER RACLETTE ROND PLAST N°22 (راكليط ليدر مدور بلاستيك 22)","5120",0,0,0,5,"Quincaillerie & Outillage"
"LEADER RACLETTE ROND PLAST N°24 (راكليط ليدر مدور بلاستيك 24)","5121",0,0,0,5,"Quincaillerie & Outillage"
"RACLETTE LEADER INOX 10CM (راكليط إينوكس ليدر 10 سم)","RAC-LEAD-10",0,0,0,5,"Quincaillerie & Outillage"
"RACLETTE LEADER INOX 12CM (راكليط إينوكس ليدر 12 سم)","RAC-LEAD-12",0,0,0,5,"Quincaillerie & Outillage"
"RACLETTE LEADER INOX 14CM (راكليط إينوكس ليدر 14 سم)","RAC-LEAD-14",0,0,0,5,"Quincaillerie & Outillage"
"RACLETTE LEADER INOX 16CM (راكليط إينوكس ليدر 16 سم)","RAC-LEAD-16",0,0,0,5,"Quincaillerie & Outillage"
"RACLETTE LEADER INOX 24CM (راكليط إينوكس ليدر 24 سم)","RAC-LEAD-24",0,0,0,5,"Quincaillerie & Outillage"
"SEAU PLASTIQUE GRADUE 2.5L (دلو بلاستيك 2.5 لتر)","SEAU-25L",0,0,0,5,"Quincaillerie & Outillage"
"SEAU PLASTIQUE GRADUE 3.2L (دلو بلاستيك 3.2 لتر)","SEAU-32L",0,0,0,5,"Quincaillerie & Outillage"
"SEAU PLASTIQUE GRADUE 3.8L (دلو بلاستيك 3.8 لتر)","SEAU-38L",0,0,0,5,"Quincaillerie & Outillage"
"SEAU PLASTIQUE GRADUE 5L (دلو بلاستيك 5 لتر)","SEAU-5L",0,0,0,5,"Quincaillerie & Outillage"
"LISSEUSE DECORATIVE INOX 26X10 (ليسوز ديكور إينوكس 26*10)","LISS-DEC-2610",0,0,0,5,"Quincaillerie & Outillage"
"LISSEUSE DECORATIVE INOX 24X10 (ليسوز ديكور إينوكس 24*10)","LISS-DEC-2410",0,0,0,5,"Quincaillerie & Outillage"
"LISSEUSE DECORATIVE INOX 20X8 (ليسوز ديكور إينوكس 20*8)","LISS-DEC-2008",0,0,0,5,"Quincaillerie & Outillage"
"PLATEAU SCRATCH AUTO-AGRIPPANT 150MM (بلاطو سكراش 150)","PLAT-SCR-150",0,0,0,5,"Quincaillerie & Outillage"
"PLATEAU SCRATCH AUTO-AGRIPPANT 180MM (بلاطو سكراش 180)","PLAT-SCR-180",0,0,0,5,"Quincaillerie & Outillage"
"MEGA ETANCHE 5KG BLANC (ميغا إيتونش 5 كغ أبيض)","MEGA-ET-5KG-BL",0,0,0,5,"Peinture & Enduits"
"MEGA ETANCHE 10KG BLANC (ميغا إيتونش 10 كغ أبيض)","MEGA-ET-10KG-BL",0,0,0,5,"Peinture & Enduits"
"MEGA ETANCHE 20KG BLANC (ميغا إيتونش 20 كغ أبيض)","MEGA-ET-20KG-BL",0,0,0,5,"Peinture & Enduits"
"MEGA ETANCHE 20KG GRIS (ميغا إيتونش 20 كغ رمادي)","MEGA-ET-20KG-GR",0,0,0,5,"Peinture & Enduits"
"MEGA ETANCHE 20KG ROUGE TUILE (ميغا إيتونش 20 كغ أحمر قرمودي)","MEGA-ET-20KG-RG",0,0,0,5,"Peinture & Enduits"
"VALPAINT VALSETIN PEINTURE DECORATIVE (فالبانت فالستين ديكور)","VALP-VALSETIN",0,0,0,5,"Peinture & Enduits"
"VALPAINT STUCCO 1000 5KG (فالبانت ستيكو 1000 5 كغ)","3242",0,0,0,5,"Peinture & Enduits"
"VALPAINT ARTECO 7 EFFET VIEILLI (فالبانت أرتيكو 7)","VALP-ARTECO",0,0,0,5,"Peinture & Enduits"
"VALPAINT METEORE 8 P40 (فالبانت ميتيور ب40)","VALP-P40",0,0,0,5,"Peinture & Enduits"
"VALPAINT TRAVERTINO DECOR (فالبانت ترافيرتينو رخام)","VALP-TRAVERTINO",0,0,0,5,"Peinture & Enduits"
"SNIC LAQUE BLANCHE 3KG (سنيك لاك أبيض 3 كغ)","10020",0,0,0,5,"Peinture & Enduits"
"SNIC LAQUE BRILLANTE 2.5KG (سنيك لاك لامع 2.5 كغ)","SNIC-LAQ-25KG",0,0,0,5,"Peinture & Enduits"
"PAILLETTES GLITTER ARGENT 100G (باييت جليتر فضي 100غ)","GLIT-ARG-100",0,0,0,5,"Peinture & Enduits"
"PAILLETTES GLITTER OR 100G (باييت جليتر ذهبي 100غ)","GLIT-OR-100",0,0,0,5,"Peinture & Enduits"
"DEGRIPPANT MULTI-USAGES GRI-GRI (ديقريبون قري قري)","DEG-GRIGRI",0,0,0,5,"Droguerie & Mastics"
"COLLE SILICONE SOFITEX BLANC (كول سيليكون سوفيتكس أبيض)","SIL-SOFITEX-BL",0,0,0,5,"Droguerie & Mastics"
"COLLE SILICONE SOFITEX TRANSPARENT (كول سيليكون سوفيتكس ترونسبارو)","SIL-SOFITEX-TR",0,0,0,5,"Droguerie & Mastics"
"ESSAADA SIACOL COLLE BLANCHE BOIS 400G (السعادة سياكول خشب 400 غ)","SIACOL-400G",0,0,0,5,"Droguerie & Mastics"
"ESSAADA SIACOL COLLE BLANCHE BOIS 800G (السعادة سياكول خشب 800 غ)","SIACOL-800G",0,0,0,5,"Droguerie & Mastics"
"ESSAADA SIACOL COLLE BLANCHE BOIS 3KG (السعادة سياكول خشب 3 كغ)","SIACOL-3KG",0,0,0,5,"Droguerie & Mastics"
"COLLE TUBE PVC RIGIDE 125ML (كول بي في سي 125 مل)","COLLE-PVC-125",0,0,0,5,"Droguerie & Mastics"
"COLLE POT PVC AVEC PINCEAU 250ML (كول بي في سي مع بانسو 250 مل)","COLLE-PVC-250",0,0,0,5,"Droguerie & Mastics"
"MEGA SATINEE 4KG 1321 CHOCOLAT (ميغا ساتيني 4 كغ شوكولا)","1321",0,0,0,5,"Peinture & Enduits"
"MEGA SATINEE 4KG 1328 MAUVE (ميغا ساتيني 4 كغ موف)","1328",0,0,0,5,"Peinture & Enduits"
"MEGA SATINEE 4KG 1429 CREVETTE (ميغا ساتيني 4 كغ كريفات)","1429",0,0,0,5,"Peinture & Enduits"
"MEGA SATINEE 4KG 1634 ROUGE BRIQUE (ميغا ساتيني 4 كغ أحمر بريك)","1631",0,0,0,5,"Peinture & Enduits"
"MEGA SATINEE 4KG 1680 CASSIS (ميغا ساتيني 4 كغ كاسيس)","1680",0,0,0,5,"Peinture & Enduits"
"MEGA SATINEE 4KG 1696 GRIS FONCE (ميغا ساتيني 4 كغ رمادي غامق)","1696",0,0,0,5,"Peinture & Enduits"
"MEGA SATINEE 4KG 1724 GRIS CLAIR (ميغا ساتيني 4 كغ رمادي فاتح)","1161",0,0,0,5,"Peinture & Enduits"
"MEGA SATINEE 4KG 1754 ROSE CLAIR (ميغا ساتيني 4 كغ وردي فاتح)","1754",0,0,0,5,"Peinture & Enduits"
"MEGA SATINEE 4KG 1832 PECHE (ميغا ساتيني 4 كغ خوخي)","1832",0,0,0,5,"Peinture & Enduits"
"MEGA SATINEE 4KG 1849 ORANGE (ميغا ساتيني 4 كغ برتقالي)","1359",0,0,0,5,"Peinture & Enduits"
"MEGA SATINEE 4KG 1891 NOIR (ميغا ساتيني 4 كغ أسود)","1891",0,0,0,5,"Peinture & Enduits"
"MEGA SATINEE 4KG 1984 ROSE FONCE (ميغا ساتيني 4 كغ وردي غامق)","1984",0,0,0,5,"Peinture & Enduits"
"MEGA SATINEE 4KG 2317 CREME (ميغا ساتيني 4 كغ كريمي)","DCR G",0,0,0,5,"Peinture & Enduits"
"MEGA SATINEE 4KG 2507 NOISETTE (ميغا ساتيني 4 كغ نوازيت)","2507",0,0,0,5,"Peinture & Enduits"
"MEGA SATINEE 4KG 2611 VERT GAZON (ميغا ساتيني 4 كغ أخضر قازون)","2611",0,0,0,5,"Peinture & Enduits"
"MEGA SATINEE 4KG 2714 FUCHSIA (ميغا ساتيني 4 كغ فوشيا)","2714",0,0,0,5,"Peinture & Enduits"
"MEGA SATINEE 4KG 2802 CAPPUCCINO (ميغا ساتيني 4 كغ كابوتشينو)","2521",0,0,0,5,"Peinture & Enduits"
"MEGA SATINEE 4KG 3144 BEIGE (ميغا ساتيني 4 كغ بيج)","10488",0,0,0,5,"Peinture & Enduits"
"MEGA SATINEE 4KG 3823 ROUGE VIF (ميغا ساتيني 4 كغ أحمر فاقع)","3823",0,0,0,5,"Peinture & Enduits"
"MEGA SATINEE 4KG 4029 BORDEAUX (ميغا ساتيني 4 كغ بوردو)","4029",0,0,0,5,"Peinture & Enduits"
"MEGA SATINEE 4KG 4637 PISTACHE (ميغا ساتيني 4 كغ بيستاش)","4637",0,0,0,5,"Peinture & Enduits"
"MEGA SATINEE 4KG 4749 SAUMON (ميغا ساتيني 4 كغ سومو)","4749",0,0,0,5,"Peinture & Enduits"
"MEGA SATINEE 4KG 2230 BLEU TURQUOISE (ميغا ساتيني 4 كغ أزرق تركواز)","2230",0,0,0,5,"Peinture & Enduits"
"MEGA SATINEE 4KG 746 VANILLA LATTE (ميغا ساتيني 4 كغ فانيلا لاتي)","7879",0,0,0,5,"Peinture & Enduits"
"MEGA SATINE BLANC 04KG (ميغا ساتيني أبيض 4 كغ)","10399",0,0,0,5,"Peinture & Enduits"
"ROLUX SCOTCH TOLIER BLANC GM (رولوكس سكوتش طوليا أبيض كبير)","4775",0,0,0,5,"Droguerie & Mastics"
"ROLUX SCOTCH TOLIER BLEU GM (رولوكس سكوتش طوليا أزرق كبير)","4780",0,0,0,5,"Droguerie & Mastics"
"ROLUX SCOTCH TOLIER JAUNE GM (رولوكس سكوتش طوليا أصفر كبير)","4772",0,0,0,5,"Droguerie & Mastics"
"SCOTCH TOLIER SPIDER BLEU GM (سكوتش طوليا سبايدر أزرق كبير)","5884",0,0,0,5,"Droguerie & Mastics"
"SCOTCH EMBALLAGE TRANSPARENT 50M (سكوتش شفاف 50م)","SCOTCH-TR-50M",0,0,0,5,"Droguerie & Mastics"
"MINIROS ROULEAU LAQUE VELOURS (مينيروس رولو لاك)","ROUL-MINI-LAQ",0,0,0,5,"Quincaillerie & Outillage"
"PANDA ROULEAU ANTI GOUTTE GM (باندا رولو أونتي قوت كبير)","2656",0,0,0,5,"Quincaillerie & Outillage"
"PANDA ROULEAU RAVALEMENT GM (باندا رولو رافالمان للواجهات كبير)","4556",0,0,0,5,"Quincaillerie & Outillage"
"PANDA ROULEAU SATINE GM (باندا رولو ساتيني كبير)","5144",0,0,0,5,"Quincaillerie & Outillage"
"PANDA ROULEAU SATINE 22CM (باندا رولو ساتيني 22 سم)","8541",0,0,0,5,"Quincaillerie & Outillage"
"PANDA PINCEAU PLAT N°15 (باندا بانسو بلا رقم 15)","PAND-P15",0,0,0,5,"Quincaillerie & Outillage"
"PANDA PINCEAU PLAT N°20 (باندا بانسو بلا رقم 20)","PAND-P20",0,0,0,5,"Quincaillerie & Outillage"
"PANDA PINCEAU PLAT N°30 (باندا بانسو بلا رقم 30)","PAND-P30",0,0,0,5,"Quincaillerie & Outillage"
"PANDA PINCEAU PLAT N°40 (باندا بانسو بلا رقم 40)","PAND-P40",0,0,0,5,"Quincaillerie & Outillage"
"PANDA PINCEAU PLAT N°50 (باندا بانسو بلا رقم 50)","PAND-P50",0,0,0,5,"Quincaillerie & Outillage"
"PANDA PINCEAU PLAT N°60 (باندا بانسو بلا رقم 60)","PAND-P60",0,0,0,5,"Quincaillerie & Outillage"
"PANDA PINCEAU PLAT N°70 (باندا بانسو بلا رقم 70)","PAND-P70",0,0,0,5,"Quincaillerie & Outillage"
"PANDA PINCEAU PLAT N°80 (باندا بانسو بلا رقم 80)","PAND-P80",0,0,0,5,"Quincaillerie & Outillage"
"PANDA PINCEAU ROND N°14 (باندا بانسو مدور رقم 14)","PAND-R14",0,0,0,5,"Quincaillerie & Outillage"
"PANDA PINCEAU ROND N°18 (باندا بانسو مدور رقم 18)","PAND-R18",0,0,0,5,"Quincaillerie & Outillage"
"PANDA PINCEAU ROND N°22 (باندا بانسو مدور رقم 22)","PAND-R22",0,0,0,5,"Quincaillerie & Outillage"
"PANDA PINCEAU ROND N°26 (باندا بانسو مدور رقم 26)","PAND-R26",0,0,0,5,"Quincaillerie & Outillage"
"BROSSE DECORATIVE PANDA 70MM (شيتة ديكور باندا 70 مم)","BROSS-PAND-70",0,0,0,5,"Quincaillerie & Outillage"
"BROSSE DECORATIVE PANDA 100MM (شيتة ديكور باندا 100 مم)","BROSS-PAND-100",0,0,0,5,"Quincaillerie & Outillage"
"ESSENCE THERBENTINE 65CL (ليصونص التربنتين 65 سل)","2146",0,0,0,5,"Droguerie & Mastics"
"HUILE DE LIN PUR 65CL (زيت الكتان 65 سل)","HUILE-LIN-65",0,0,0,5,"Droguerie & Mastics"
"HUILE DE LIN PUR 5L (زيت الكتان 5 لتر)","HUILE-LIN-5L",0,0,0,5,"Droguerie & Mastics"
"DILUANT CELLULOSIQUE POLAR 1L (ديلوان بولار 1 لتر)","DILUANT-1L",0,0,0,5,"Droguerie & Mastics"
"UNITAINT TEINTURE UNIVERSELLE MAGENTA (يونيتانت صبغة ماجنتا)","UNITAINT-MAG",0,0,0,5,"Peinture & Enduits"
"UNITAINT TEINTURE UNIVERSELLE JAUNE (يونيتانت صبغة صفراء)","UNITAINT-JAU",0,0,0,5,"Peinture & Enduits"
"UNITAINT TEINTURE UNIVERSELLE PISTACHE (يونيتانت صبغة بيستاش)","UNITAINT-PIS",0,0,0,5,"Peinture & Enduits"
"UNITAINT TEINTURE UNIVERSELLE CREME (يونيتانت صبغة كريمي)","UNITAINT-CRM",0,0,0,5,"Peinture & Enduits"
"UNITAINT TEINTURE UNIVERSELLE VERT (يونيتانت صبغة خضراء)","UNITAINT-VRT",0,0,0,5,"Peinture & Enduits"
"UNITAINT TEINTURE UNIVERSELLE ORANGE (يونيتانت صبغة برتقالية)","UNITAINT-ORG",0,0,0,5,"Peinture & Enduits"
"UNITAINT TEINTURE UNIVERSELLE BLEU (يونيتانت صبغة زرقاء)","UNITAINT-BLU",0,0,0,5,"Peinture & Enduits"
"UNITAINT TEINTURE UNIVERSELLE CAPPUCCINO (يونيتانت صبغة كابوتشينو)","UNITAINT-CAP",0,0,0,5,"Peinture & Enduits"
"UNITAINT / UNIVERSEL TUBE IND NOIR (توب تانت أندستريال أسود)","5207",0,0,0,5,"Peinture & Enduits"
"UNITAINT / UNIVERSEL TUBE IND MARRON (توب تانت أندستريال بني)","5209",0,0,0,5,"Peinture & Enduits"
"UNITAINT / UNIVERSEL TUBE IND BEIGE (توب تانت أندستريال بيج)","5213",0,0,0,5,"Peinture & Enduits"
"UNITAINT / UNIVERSEL TUBE IND SAUMON (توب تانت أندستريال سومو)","5226",0,0,0,5,"Peinture & Enduits"
"PIGMA TUBE TEINTURE ORANGE (بيغما توب صبغة برتقالي)","5848",0,0,0,5,"Peinture & Enduits"
"BOMBE PEINTURE GRI-GRI BLANC BRILLANT (بومبة قري قري بيضاء لامعة)","BOMB-GRIGRI-BL",0,0,0,5,"Peinture & Enduits"
"BOMBE PEINTURE GRI-GRI DOREE (بومبة قري قري ذهبي)","BOMB-GRIGRI-DOR",0,0,0,5,"Peinture & Enduits"
"BOMBE PEINTURE GRI-GRI ARGENTEE (بومبة قري قري فضي)","BOMB-GRIGRI-ARG",0,0,0,5,"Peinture & Enduits"
"BOMBE PEINTURE GRI-GRI GRIS (بومبة قري قري رمادي)","BOMB-GRIGRI-GR",0,0,0,5,"Peinture & Enduits"
"BOMBE PEINTURE GRI-GRI NOIR MAT (بومبة قري قري أسود ماط)","BOMB-GRIGRI-NRM",0,0,0,5,"Peinture & Enduits"
"BOMBE PEINTURE GRI-GRI NOIR BRILLANT (بومبة قري قري أسود بريون)","BOMB-GRIGRI-NRB",0,0,0,5,"Peinture & Enduits"
"BOMBE PEINTURE GRI-GRI ROUGE (بومبة قري قري أحمر)","BOMB-GRIGRI-RG",0,0,0,5,"Peinture & Enduits"
"BOMBE PEINTURE GRI-GRI VERT (بومبة قري قري أخضر)","BOMB-GRIGRI-VR",0,0,0,5,"Peinture & Enduits"
"BOMBE PEINTURE GRI-GRI EFFET CHROME (بومبة قري قري كروم)","BOMB-GRIGRI-CHR",0,0,0,5,"Peinture & Enduits"
"PAPIER DE VERRE MANGOUSTE GRAIN 60 (كارت قلاص منقوست حرش 60)","PAP-MANG-60",0,0,0,5,"Quincaillerie & Outillage"
"PAPIER DE VERRE MANGOUSTE GRAIN 80 (كارت قلاص منقوست حرش 80)","PAP-MANG-80",0,0,0,5,"Quincaillerie & Outillage"
"PAPIER DE VERRE MANGOUSTE GRAIN 100 (كارت قلاص منقوست متوسط 100)","PAP-MANG-100",0,0,0,5,"Quincaillerie & Outillage"
"PAPIER DE VERRE MANGOUSTE GRAIN 120 (كارت قلاص منقوست متوسط 120)","PAP-MANG-120",0,0,0,5,"Quincaillerie & Outillage"
"PAPIER DE VERRE MANGOUSTE GRAIN 180 (كارت قلاص منقوست رطب 180)","PAP-MANG-180",0,0,0,5,"Quincaillerie & Outillage"
"PAPIER DE VERRE MANGOUSTE GRAIN 220 (كارت قلاص منقوست رطب 220)","PAP-MANG-220",0,0,0,5,"Quincaillerie & Outillage"
"PAPIER DE VERRE MANGOUSTE GRAIN 400 A L'EAU (كارت قلاص منقوست ناعم 400)","PAP-MANG-400",0,0,0,5,"Quincaillerie & Outillage"
"BANDE ABRASIVE DARK GRAIN 40 (بوند أبغازيف دارك 40)","BANDE-DARK-40",0,0,0,5,"Quincaillerie & Outillage"
"BANDE ABRASIVE DARK GRAIN 60 (بوند أبغازيف دارك 60)","BANDE-DARK-60",0,0,0,5,"Quincaillerie & Outillage"
"BANDE ABRASIVE DARK GRAIN 80 (بوند أبغازيف دارك 80)","BANDE-DARK-80",0,0,0,5,"Quincaillerie & Outillage"
"SAIT EN ROULEAU ABRASIF N°150 (صايط رولو أبغازيف 150)","9OI",0,0,0,5,"Quincaillerie & Outillage"
"MIDY LAQUE NOIR 2.7KG (ميدي لاك أسود 2.7 كغ)","2772",0,0,0,5,"Peinture & Enduits"
"MIDY LAQUE GRIS 2.7KG (ميدي لاك رمادي 2.7 كغ)","2961",0,0,0,5,"Peinture & Enduits"
"MIDY LAQUE GRIS 700G (ميدي لاك رمادي 700 غ)","4230",0,0,0,5,"Peinture & Enduits"
"MIDY LAQUE LC3 BLANC 700G (ميدي لاك إل سي 3 أبيض 700 غ)","9777",0,0,0,5,"Peinture & Enduits"
"MIDY LAQUE LC3 BLANC 2.7KG (ميدي لاك إل سي 3 أبيض 2.7 كغ)","10606",0,0,0,5,"Peinture & Enduits"
"ESSAADA ANTIROUILLE MARRON 800G (السعادة أونتي روي بني 800 غ)","810",0,0,0,5,"Peinture & Enduits"
"ESSAADA ANTIROUILLE MARRON 2.7 KG (السعادة أونتي روي بني 2.7 كغ)","EPL?D",0,0,0,5,"Peinture & Enduits"
"MIDY VERNIS ACAJOU 720G (ميدي فيرني أكاجو 720 غ)","2781",0,0,0,5,"Peinture & Enduits"
"MIDY VERNIS INCOLORE 800G (ميدي فيرني بدون لون 800 غ)","118",0,0,0,5,"Peinture & Enduits"
"MIDY VERNIS MARIN 2.700 KG (ميدي فيرني ماران بحري 2.7 كغ)","4710",0,0,0,5,"Peinture & Enduits"
"MEGA VERNIS DECORATIF 03KG (ميغا فيرني ديكوراتيف 3 كغ)","10703",0,0,0,5,"Peinture & Enduits"
"MANCHE TELESCOPIQUE PANDA 3M SL-T5540 (منش تيليسكوبيك باندا 3م)","5862",0,0,0,5,"Quincaillerie & Outillage"
"MANCHE TELESCOPIQUE PANDA 2M (منش تيليسكوبيك باندا 2م)","MANCH-PAND-2M",0,0,0,5,"Quincaillerie & Outillage"
"LISSEUSE SPECIAL GALAXY SOUPLE (ليسوز ديكور قالاكسي)","LISS-GALAXY",0,0,0,5,"Quincaillerie & Outillage"
"EPONGE NATURELLE MARINE POUR DECOR (بونجة مارين للديكور)","EPONGE-MARINE",0,0,0,5,"Quincaillerie & Outillage"
"DISQUE PONCEUSE GIRAFE MANULI 60 (ديسك بونسوز جيراف 60)","DISQ-GIRAF-60",0,0,0,5,"Quincaillerie & Outillage"
"DISQUE PONCEUSE GIRAFE MANULI 150 (ديسك بونسوز جيراف 150)","DISQ-GIRAF-150",0,0,0,5,"Quincaillerie & Outillage"
"DISQUE PONCEUSE GIRAFE MANULI 180 (ديسك بونسوز جيراف 180)","DISQ-GIRAF-180",0,0,0,5,"Quincaillerie & Outillage"
"DISQUE PONCEUSE GIRAFE MANULI 400 (ديسك بونسوز جيراف 400)","DISQ-GIRAF-400",0,0,0,5,"Quincaillerie & Outillage"
"DISQUE ABRALON STUCCO MIRKA 4000 (ديسك ميركا ستيكو 4000)","DISQ-MIRKA-4000",0,0,0,5,"Quincaillerie & Outillage"
"MIDY BLANDEX 5KG (ميدي بلانديكس 5 كغ)","4302",0,0,0,5,"Peinture & Enduits"
"MIDY BLANDEX 10KG (ميدي بلانديكس 10 كغ)","4299",0,0,0,5,"Peinture & Enduits"
"MIDY BLANDEX 25KG (ميدي بلانديكس 25 كغ)","4300",0,0,0,5,"Peinture & Enduits"
"BADI LAVABLE ECO 25KG PLASTIQUE (بادي لافابل إيكو 25 كغ بلاستيك)","160X10",0,0,0,5,"Peinture & Enduits"
"STAR LAVABLE ECOWALL 4KG (ستار لافابل إيكو وال 4 كغ)","ZAKARIA",0,0,0,5,"Peinture & Enduits"
"STAR LAVABLE ECOWALL 10KG (ستار لافابل إيكو وال 10 كغ)","4997",0,0,0,5,"Peinture & Enduits"
"SECAM FIXATEUR A EAU 4.5KG (سيكام فيكساتور ماء 4.5 كغ)","5505",0,0,0,5,"Peinture & Enduits"
"SECAM FIXATEUR A EAU 10KG (سيكام فيكساتور ماء 10 كغ)","9232",0,0,0,5,"Peinture & Enduits"
"SECAM FIXATEUR A HUILE 4L (سيكام فيكساتور زيت 4 لتر)","5574",0,0,0,5,"Peinture & Enduits"
"SECAM FIXATEUR A HUILE 20KG (سيكام فيكساتور زيت 20 كغ)","5575",0,0,0,5,"Peinture & Enduits"
"VALPAINT FIXATEUR FIX FOND 18KG (فالبانت فيكساتور فيكس فون 18 كغ)","10250",0,0,0,5,"Peinture & Enduits"
"PROFINICH ENDUIT PATE M01 (بروفينش لاندوي باط أم 01)","SPRINT 32",0,0,0,5,"Peinture & Enduits"
"PROFINICH ENDUIT PATE M02 (بروفينش لاندوي باط أم 02)","SPRINT 30W",0,0,0,5,"Peinture & Enduits"
"MEGA ENDUIT 20KG PATE (ميغا لاندوي باط 20 كغ)","AIGKE 27",0,0,0,5,"Peinture & Enduits"
"MEGA ENDUIT PATE 10KG (ميغا لاندوي باط 10 كغ)","3105",0,0,0,5,"Peinture & Enduits"
"MEGA ENDUIT PATE 05KG (ميغا لاندوي باط 5 كغ)","5967",0,0,0,5,"Peinture & Enduits"
"MIDY ENDUIT PATE 300 20KG (ميدي لاندوي باط 20 كغ)","10647",0,0,0,5,"Peinture & Enduits"
"MIDY ENDUIT PATE 5KG (ميدي لاندوي باط 5 كغ)","4963",0,0,0,5,"Peinture & Enduits"
"PIGMA ENDUIT PATE 10KG (بيغما لاندوي باط 10 كغ)","SPRINT 45",0,0,0,5,"Peinture & Enduits"
"RAYAN ENDUIT S/P FINITION 20KG (ريان لاندوي فينيسيون 20 كغ)","5462",0,0,0,5,"Peinture & Enduits"
"VALPAINT SATINE BASE A 18KG (فالبانت ساتيني باز أ 18 كغ)","MAUR3",0,0,0,5,"Peinture & Enduits"
"SECAM SATINE 05KG (سيكام ساتيني 5 كغ)","5504",0,0,0,5,"Peinture & Enduits"
"SECAM SATINE 10KG (سيكام ساتيني 10 كغ)","5250",0,0,0,5,"Peinture & Enduits"
"SECAM SATINE 18KG (سيكام ساتيني 18 كغ)","2461",0,0,0,5,"Peinture & Enduits"
"PIGMA LAQUE BLANC 18KG (بيغما لاك أبيض 18 كغ)","PIGMA-LAQ-18",0,0,0,5,"Peinture & Enduits"
"MEGA SABLE DOR 4KG (ميغا صابلي ذهبي 4 كغ)","4711",0,0,0,5,"Peinture & Enduits"
"MEGA SABLE ORO 4KG (ميغا صابلي ذهبي أورو 4 كغ)","2288",0,0,0,5,"Peinture & Enduits"
"MEGA SABLE 04KG BLANC (ميغا صابلي أبيض 4 كغ)","2794",0,0,0,5,"Peinture & Enduits"
"PIGMA SABLE BLANC 5KG (بيغما صابلي أبيض 5 كغ)","3543",0,0,0,5,"Peinture & Enduits"
"PROFINICH ARENA DORE 3KG (بروفينش أرينا ذهبي 3 كغ)","8606",0,0,0,5,"Peinture & Enduits"
"SKY COLOR GALAXY 01 DORE (سكاي كولور قالاكسي 01 ذهبي)","8532",0,0,0,5,"Peinture & Enduits"
"SKY COLOR GALAXY 02 ARGENT (سكاي كولور قالاكسي 02 فضي)","PU?NC",0,0,0,5,"Peinture & Enduits"
"SKY COLOR GALAXY 04 ROUGE (سكاي كولور قالاكسي 04 أحمر)","8531",0,0,0,5,"Peinture & Enduits"
"SKY COLOR GALAXY 07 GRIS ARGENT NOIR (سكاي كولور قالاكسي 07 رمادي فضي أسود)","10155",0,0,0,5,"Peinture & Enduits"
"SKY COLOR GALAXY 08 DORE ARGENT BRONZE (سكاي كولور قالاكسي 08 ذهبي فضي برونز)","SKY-GAL-08",0,0,0,5,"Peinture & Enduits"
"SKY COLOR GALAXY 09 ROUGE DORE ARGENT (سكاي كولور قالاكسي 09 أحمر ذهبي فضي)","SKY-GAL-09",0,0,0,5,"Peinture & Enduits"
"SKY COLOR GALAXY 010 DORRE ARGENT MARRON (سكاي كولور قالاكسي 010 ذهبي فضي بني)","8463",0,0,0,5,"Peinture & Enduits"
"SKY COLOR GALAXY 011 DORE ROUGE (سكاي كولور قالاكسي 011 ذهبي أحمر)","FOUR 1R",0,0,0,5,"Peinture & Enduits"
"SKY COLOR GALAXY 015 ARGENT DORE NOIR (سكاي كولور قالاكسي 015 فضي ذهبي أسود)","10233",0,0,0,5,"Peinture & Enduits"
"SKY COLOR GALAXY 016 ARGENT NOIR MARRON (سكاي كولور قالاكسي 016 فضي أسود بني)","SKY-GAL-016",0,0,0,5,"Peinture & Enduits"
"SKY COLOR GALAXY 017 BRONZE ARGENT MARRON (سكاي كولور قالاكسي 017 برونز فضي بني)","SKY-GAL-017",0,0,0,5,"Peinture & Enduits"
"SKY COLOR GALAXY 018 MAUVE DORE ARGENT (سكاي كولور قالاكسي 018 موف ذهبي فضي)","SKY-GAL-018",0,0,0,5,"Peinture & Enduits"
"SKY COLOR GALAXY 022 ROSE ARGENT (سكاي كولور قالاكسي 022 وردي فضي)","SKY-GAL-022",0,0,0,5,"Peinture & Enduits"
"SKY COLOR GALAXY 023 NOIR ARGENT MARRON DORE (سكاي كولور قالاكسي 023 أسود فضي بني ذهبي)","8482",0,0,0,5,"Peinture & Enduits"
"SKY COLOR GALAXY 024 DORE BRONZE NOIR (سكاي كولور قالاكسي 024 ذهبي برونز أسود)","8483",0,0,0,5,"Peinture & Enduits"
"SKY COLOR GALAXY 027 BRONZE (سكاي كولور قالاكسي 027 برونز)","8487",0,0,0,5,"Peinture & Enduits"
"SKY COLOR GALAXY 033 BRONZE NOIR (سكاي كولور قالاكسي 033 برونز أسود)","SKY-GAL-033",0,0,0,5,"Peinture & Enduits"
"BAGUETTE MOULEUR MO 25 (باغيت مولور 25)","BAG-MO-25",0,0,0,5,"Placo & Décoration PVC"
"BAGUETTE MOULEUR MO 40-178 (باغيت مولور 40)","BAG-MO-40",0,0,0,5,"Placo & Décoration PVC"
"BAGUETTE DECORE DOREE PM 2CM (باغيت ديكور ذهبي صغير 2سم)","2286",0,0,0,5,"Placo & Décoration PVC"
"BAGUETTE DECORE DOREE 3CM (باغيت ديكور ذهبي 3سم)","9837",0,0,0,5,"Placo & Décoration PVC"
"BAGUETTE DECORE CHROMI PM (باغيت ديكور كرومي صغير)","11141",0,0,0,5,"Placo & Décoration PVC"
"BAGUETTE DECORE CHROMI GM (باغيت ديكور كرومي كبير)","11134",0,0,0,5,"Placo & Décoration PVC"
"GANTS DE PROTECTION CHANTIER (قونتيات حماية للعمل)","GANTS-PROT",0,0,0,5,"Quincaillerie & Outillage"
"RECHARGE MINI ROULEAUX 10PCS (روشارج ميني رولو 10 قطع)","RECH-MINI-ROUL",0,0,0,5,"Quincaillerie & Outillage"
"PINCEAU RADIATEUR N°40 (باندا بانسو كودي 40)","PINC-RAD-40",0,0,0,5,"Quincaillerie & Outillage"
"PINCEAU RADIATEUR N°50 (باندا بانسو كودي 50)","PINC-RAD-50",0,0,0,5,"Quincaillerie & Outillage"
"ROULEAU CANICHE RAVALEMENT 29 (رولو كانيش رافالمان 29)","ROUL-CANICHE-29",0,0,0,5,"Quincaillerie & Outillage"
"PLATOIR TRANSPARENT DECOR (بلاطوار شفاف ديكور)","PLATOIR-TRANSP",0,0,0,5,"Quincaillerie & Outillage"
"PANDA LISSEUSE ENDUIT 40CM (باندا ليسوز لاندوي 40 سم)","5514",0,0,0,5,"Quincaillerie & Outillage"
"PANDA LISSEUSE ENDUIT 60CM (باندا ليسوز لاندوي 60 سم)","5515",0,0,0,5,"Quincaillerie & Outillage"
"MIDY LAQUE MARRON DATTE 700G (ميدي لاك بني تمر 700 غ)","9323",0,0,0,5,"Peinture & Enduits"
"MIDY LAQUE MARRON DATTE 2.7KG (ميدي لاك بني تمر 2.7 كغ)","9648",0,0,0,5,"Peinture & Enduits"
"MIDY LAQUE MARRON FONCE 2.7KG (ميدي لاك بني غامق 2.7 كغ)","1305",0,0,0,5,"Peinture & Enduits"
"MEGA LAVABLE 7KG ROUGE BRIQUE GP62 (ميغا لافابل 7 كغ أحمر بريك)","9806",0,0,0,5,"Peinture & Enduits"
"MEGA LAVABLE 7KG ROSE FONCE GP67 (ميغا لافابل 7 كغ وردي غامق)","9747",0,0,0,5,"Peinture & Enduits"
"MEGA LAVABLE 7KG ROSE CLAIR GP70 (ميغا لافابل 7 كغ وردي فاتح)","9746",0,0,0,5,"Peinture & Enduits"
"MEGA LAVABLE 7KG MARRON GP180 (ميغا لافابل 7 كغ بني)","9269",0,0,0,5,"Peinture & Enduits"
"MEGA LAVABLE 7KG GRIS CLAIR GP79 (ميغا لافابل 7 كغ رمادي فاتح)","9270",0,0,0,5,"Peinture & Enduits"
"MEGA LAVABLE 7KG CAPPUCCINO GP340 (ميغا لافابل 7 كغ كابوتشينو)","2364",0,0,0,5,"Peinture & Enduits"
"MEGA LAVABLE 7KG BLEU GP23 (ميغا لافابل 7 كغ أزرق)","80Y",0,0,0,5,"Peinture & Enduits"
"MEGA LAVABLE 7KG CREME GP310 (ميغا لافابل 7 كغ كريمي)","AIGLE 62",0,0,0,5,"Peinture & Enduits"
"MEGA LAVABLE 7KG BEIGE GP201 (ميغا لافابل 7 كغ بيج)","PMD",0,0,0,5,"Peinture & Enduits"
"MEGA LAVABLE ECO MAX 25KG (ميغا لافابل إيكو ماكس 25 كغ)","5793",0,0,0,5,"Peinture & Enduits"
"ESSAADA LAVABLE 20KG JUNIOR (السعادة لافابل 20 كغ جونيور)","2252",0,0,0,5,"Peinture & Enduits"
"ESSAADA LAVABLE 25KG CLASSIC (السعادة لافابل 25 كغ كلاسيك)","9953",0,0,0,5,"Peinture & Enduits"
"ESSAADA LAVABLE 4KG JUNIOR (السعادة لافابل 4 كغ جونيور)","4976",0,0,0,5,"Peinture & Enduits"
"ESSAADA LAVABLE 10KG JUNIOR (السعادة لافابل 10 كغ جونيور)","3554",0,0,0,5,"Peinture & Enduits"
"ESSAADA MASTIC FER 700GR (السعادة ماستيك حديد 700 غ)","836",0,0,0,5,"Droguerie & Mastics"
"COLLE SILICONE PARE-BRISE AB (كول سيليكون باربريز أ ب)","5274",0,0,0,5,"Droguerie & Mastics"
"COLLE SILICONE RS BLANC 280ML (كول سيليكون أبيض 280 مل)","2147",0,0,0,5,"Droguerie & Mastics"
"COLLE SILICONE FIXCOL NOIR (كول سيليكون فيكسكول أسود)","1550",0,0,0,5,"Droguerie & Mastics"
"SNIC LAVABLE VINYROC 25KG (سنيك لافابل فينيروك 25 كغ)","3126",0,0,0,5,"Peinture & Enduits"
"SNIC LAVABLE 25KG PLASTIC (سنيك لافابل 25 كغ بلاستيك)","10565",0,0,0,5,"Peinture & Enduits"
"SNIC LAVABLE 20KG (سنيك لافابل 20 كغ)","A4APOD",0,0,0,5,"Peinture & Enduits"
"SNIC LAVABLE 10KG (سنيك لافابل 10 كغ)","045",0,0,0,5,"Peinture & Enduits"
"SNIC LAVABLE 5KG (سنيك لافابل 5 كغ)","2061",0,0,0,5,"Peinture & Enduits"
"MINIROS MINI ROULEAU MICROFIBRE 10-6 (مينيروس ميني رولو ميكروفيبر)","4482",0,0,0,5,"Quincaillerie & Outillage"
"LE LUX ROULEAU LAQUE PM (لو لوكس رولو لاك صغير)","2238",0,0,0,5,"Quincaillerie & Outillage"
"MINIROS ROULEAU SATINE AGMP20 (مينيروس رولو ساتيني)","PMPJS",0,0,0,5,"Quincaillerie & Outillage"
"PANDA ROULEAU ENDUIT (باندا رولو لاندوي)","7800",0,0,0,5,"Quincaillerie & Outillage"
"PANDA ROULEAU ENDUIT 10 CM (باندا رولو لاندوي 10 سم)","5852",0,0,0,5,"Quincaillerie & Outillage"
"PIGMA CIMENT COLLE BLANC 25KG (بيغما سيما كول أبيض 25 كغ)","4866",0,0,0,5,"Quincaillerie & Placo"
"PUMA CE BLANC 591 25KG (بوما أبيض 25 كغ)","APPARDD",0,0,0,5,"Peinture & Enduits"
"LA FARGE PATE A JOINT BEIGE 5KG (لافارج باط أ جوان بيج 5 كغ)","5405",0,0,0,5,"Peinture & Enduits"
"LA FARGE PATE A JOINT GRIS CLAIR 5KG (لافارج باط أ جوان رمادي فاتح 5 كغ)","5409",0,0,0,5,"Peinture & Enduits"
"LA FARGE PATE A JOINT NOIR 5KG (لافارج باط أ جوان أسود 5 كغ)","5404",0,0,0,5,"Peinture & Enduits"
"MONTRE DECORATIVE MURALE 80CM (ساعة حائط ديكور 80 سم)","1858",0,0,0,5,"Placo & Décoration PVC"
"SPOT SAMSUNG 24W 3D (سبوت سامسونغ 24 واط)","18384",0,0,0,5,"Électricité & Éclairage"
"LAMPE 15W WELLMAX (لامبة 15 واط ويلماكس)","LMP-W15W",0,0,0,5,"Électricité & Éclairage"
"LAMPE 18W LED WELLMAX (لامبة 18 واط ليد ويلماكس)","LMP-WELLMAX",0,0,0,5,"Électricité & Éclairage"
"LAMPE 7W WELLMAX (لامبة 7 واط ويلماكس)","13310",0,0,0,5,"Électricité & Éclairage"
"LAMPE 9W LED WELLMAX (لامبة 9 واط ليد ويلماكس)","13311",0,0,0,5,"Électricité & Éclairage"
"LAMPE 40W LED WELLMAX (لامبة 40 واط ليد ويلماكس)","21228",0,0,0,5,"Électricité & Éclairage"
"LAMPE 50W LED WELLMAX (لامبة 50 واط ليد ويلماكس)","21227",0,0,0,5,"Électricité & Éclairage"
"LAMPE 60W LED WELLMAX (لامبة 60 واط ليد ويلماكس)","22659",0,0,0,5,"Électricité & Éclairage"
"LAMPE 30W LED WELLMAX HAMMER (لامبة 30 واط ويلماكس هامر)","21225",0,0,0,5,"Électricité & Éclairage"
"SPOT FOTONIX 3D 10WT (سبوت فوتونيكس 10 واط)","FTNX-10WT",0,0,0,5,"Électricité & Éclairage"
"SPOT FOTONIX 3D 18WT (سبوت فوتونيكس 18 واط)","16844",0,0,0,5,"Électricité & Éclairage"
"SPOT FOTONIX 3D 24WT (سبوت فوتونيكس 24 واط)","FTNX-3D-24W",0,0,0,5,"Électricité & Éclairage"
"SPOT FOTONIX 3D 36WT (سبوت فوتونيكس 36 واط)","FTNX-3D-36W",0,0,0,5,"Électricité & Éclairage"
"SPOT 10W 3D MOONMAX (سبوت 10 واط مونماكس)","SPT-10W-3D",0,0,0,5,"Électricité & Éclairage"
"SPOT 18W 3D MOONMAX (سبوت 18 واط مونماكس)","14988",0,0,0,5,"Électricité & Éclairage"
"FIL MEPLAT 2X2.5 100M EL WAFAA (خيط مبلا 2*2.5 / 100م الوفاء)","1924",0,0,0,5,"Électricité & Éclairage"
"JEUX DE LUMIERE 100M FOMSI RGB (حبل ضوء 100م ملون فومسي)","00830",0,0,0,5,"Électricité & Éclairage"
"JEUX DE LUMIERE 100M FOMSI BLANC (حبل ضوء 100م أبيض فومسي)","4859",0,0,0,5,"Électricité & Éclairage"
"JEUX DE LUMIERE 100M FOMSI JAUNE (حبل ضوء 100م أصفر فومسي)","LA065WW",0,0,0,5,"Électricité & Éclairage"
"LAMPE 9W SAMSUNG RECHARGEABLE (لامبة 9 واط سامسونغ روشارجابل)","11048",0,0,0,5,"Électricité & Éclairage"
"CONTINUUME BOUTON POUSSOIR (كونتينيو بوطون بوسوار)","MCC006",0,0,0,5,"Électricité & Éclairage"
"CONTINUUME INTERRUPTEUR SIMPLE (كونتينيو أنتربتور سامبل)","C001",0,0,0,5,"Électricité & Éclairage"
"CONTINUUME FICHE F (كونتينيو فيش ف)","C119",0,0,0,5,"Électricité & Éclairage"
"CONTINUUME INTERRUPTEUR DOUBLE (كونتينيو أنتربتور دوبل)","C003",0,0,0,5,"Électricité & Éclairage"
"CONTINUUME PRISE SIMPLE (كونتينيو بريز سامبل)","C014",0,0,0,5,"Électricité & Éclairage"
"CONTINUUME PRISE DE TERRE (كونتينيو بريز تير)","C015",0,0,0,5,"Électricité & Éclairage"
"SKY BOUTON POUSSOIR (سكاي بوطون بوسوار)","SASKBO",0,0,0,5,"Électricité & Éclairage"
"SKY PRISE TERRE (سكاي بريز تير)","SASKPT",0,0,0,5,"Électricité & Éclairage"
"SKY SATELLITE FICHE F (سكاي فيش ساتيليت)","SASKPSAT",0,0,0,5,"Électricité & Éclairage"
"SKY CADRE DOUBLE BLANC (سكاي كادر دوبل أبيض)","SASKC2H",0,0,0,5,"Électricité & Éclairage"
"BMS KARREA INTERRUPTEUR SIMPLE (بي أم أس كاري أنتربتور سامبل)","KBS001",0,0,0,5,"Électricité & Éclairage"
"BMS KARREA PRISE SIMPLE (بي أم أس كاري بريز سامبل)","KBS014",0,0,0,5,"Électricité & Éclairage"
"BMS KARREA SATELLITE F (بي أم أس كاري ساتيليت ف)","KBS119",0,0,0,5,"Électricité & Éclairage"
"BMS KARREA VA ET VIENT (بي أم أس كاري فافيانت)","KBS010",0,0,0,5,"Électricité & Éclairage"
"BMS KARREA DOUBLE ALLUMAGE (بي أم أس كاري دوبل ألوماج)","KBS003",0,0,0,5,"Électricité & Éclairage"
"BMS KARREA BOUTON POUSSOIR (بي أم أس كاري بوطون بوسوار)","KBS006",0,0,0,5,"Électricité & Éclairage"
"BMS KARREA PRISE AVEC TERRE (بي أم أس كاري بريز تير)","KBS015",0,0,0,5,"Électricité & Éclairage"
"BMS KARREA PRISE DOUBLE (بي أم أس كاري بريز دوبل)","KBS020",0,0,0,5,"Électricité & Éclairage"
"BMS MODULE DOUBLE NOIR VERTICAL (بي أم أس كادر دوبل أسود عمودي)","KBS092V",0,0,0,5,"Électricité & Éclairage"
"BMS MODULE TRIPLE NOIR VERTICAL (بي أم أس كادر تريبل أسود عمودي)","KBS093V",0,0,0,5,"Électricité & Éclairage"
"BMS MODULE 4 NOIR VERTICAL (بي أم أس كادر 4 أسود عمودي)","KBS094V",0,0,0,5,"Électricité & Éclairage"
"BOITE ENCASTREMENT CARRE BMS (بواطة أنكاسترومون كاري بي أم أس)","D003C",0,0,0,5,"Électricité & Éclairage"
"BOITE ENCASTREMENT CARRE 10PCS (بواطة أنكاسترومون كاري 10 قطع)","12398",0,0,0,5,"Électricité & Éclairage"
"BOITE ENCASTREMENT BMS 50PCS (بواطة أنكاسترومون بي أم أس 50 قطعة)","D003",0,0,0,5,"Électricité & Éclairage"
"BOITE ENCASTREMENT 150PCS (بواطة أنكاسترومون 150 قطعة)","8864",0,0,0,5,"Électricité & Éclairage"
"SOUKOY INTERRUPTEUR SIMPLE (سوكوي أنتربتور سامبل)","SASOISA",0,0,0,5,"Électricité & Éclairage"
"SOUKOYE PRISE SIMPLE (سوكوي بريز سامبل)","SASOPS",0,0,0,5,"Électricité & Éclairage"
"SOUKOYE PRISE AVEC TERRE (سوكوي بريز تير)","SASOPT",0,0,0,5,"Électricité & Éclairage"
"SOUKOY DOUBLE PRISE SIMPLE (سوكوي دوبل بريز)","SASODP",0,0,0,5,"Électricité & Éclairage"
"VORTEX PRISE SIMPLE (فورتكس بريز سامبل)","SAVOPS",0,0,0,5,"Électricité & Éclairage"
"VORTEX PRISE AVEC TERRE (فورتكس بريز تير)","SAVOPTR",0,0,0,5,"Électricité & Éclairage"
"VORTEX INTERRUPTEUR SIMPLE (فورتكس أنتربتور سامبل)","SAVOISA",0,0,0,5,"Électricité & Éclairage"
"HUBLOT MIYASSE BLANC (أوبلو مياس أبيض)","22768",0,0,0,5,"Électricité & Éclairage"
"HUBLOT MIYASSE NOIRE (أوبلو مياس أسود)","22769",0,0,0,5,"Électricité & Éclairage"
"HUBLOT AMINE BLANC (أوبلو أمين أبيض)","22770",0,0,0,5,"Électricité & Éclairage"
"HUBLOT AMINE NOIRE (أوبلو أمين أسود)","22771",0,0,0,5,"Électricité & Éclairage"
"HUBLOT SAMSUNG 18W ROND DETECTEUR (أوبلو سامسونغ 18 واط مدور ديتكتور)","1800",0,0,0,5,"Électricité & Éclairage"
"HUBLOT MURAL ETANCHE 004 (أوبلو جداري إيتونش 004)","22788",0,0,0,5,"Électricité & Éclairage"
"HUBLOT MURAL ETANCHE 002 (أوبلو جداري إيتونش 002)","22787",0,0,0,5,"Électricité & Éclairage"
"BMS BOITE DEPART 13P AVEC VOYANT (بواطة ديبار 13 بي أم أس)","FEV13",0,0,0,5,"Électricité & Éclairage"
"BMS BOITE DEPART 10P AVEC VOYANT (بواطة ديبار 10 بي أم أس)","FEV10",0,0,0,5,"Électricité & Éclairage"
"MONO BOITE DEPART ENCASTRE 18/2 ETAGES (بواطة ديبار مونو 18)","TDE-18D",0,0,0,5,"Électricité & Éclairage"
"MONO BOITE DEPART ENCASTRE 12 (بواطة ديبار مونو 12)","TDE-12D",0,0,0,5,"Électricité & Éclairage"
"MONO BOITE DEPART ENCASTRE 16 (بواطة ديبار مونو 16)","TDE-16D",0,0,0,5,"Électricité & Éclairage"
"MONO BOITE DEPART ENCASTRE 08 (بواطة ديبار مونو 8)","TDE-08D",0,0,0,5,"Électricité & Éclairage"
"MONO BOITE DEPART ENCASTRE 24 (بواطة ديبار مونو 24)","TDE-24D",0,0,0,5,"Électricité & Éclairage"
"MONO BOITE DEPART ENCASTRE NOIR 16D (بواطة ديبار مونو سوداء 16)","TDEN-16D",0,0,0,5,"Électricité & Éclairage"
"MONO BOITE DEPART ENCASTRE NOIR 24D (بواطة ديبار مونو سوداء 24)","TDEN-24D",0,0,0,5,"Électricité & Éclairage"
"MONO BOITE DEPART ENCASTRE NOIR 12D (بواطة ديبار مونو سوداء 12)","TDEN-12D",0,0,0,5,"Électricité & Éclairage"
"MONO BOITE DEPART ENCASTRE NOIR 36D (بواطة ديبار مونو سوداء 36)","TDEN-36D",0,0,0,5,"Électricité & Éclairage"
"MONO BOITE DEPART ENCASTRE 36 (بواطة ديبار مونو 36)","TDE-36D",0,0,0,5,"Électricité & Éclairage"
"FLOLIGHT BOITE DEPART 36P ENCASTRE (فلو لايت بواطة ديبار 36)","JDDD",0,0,0,5,"Électricité & Éclairage"
"SOUKOY BOITE DEPART 24D ENCASTRE NOIR (سوكوي بواطة ديبار 24 سوداء)","SBE24N",0,0,0,5,"Électricité & Éclairage"
"SOUKOY BOITE DEPART 16D ENCASTRE NOIR (سوكوي بواطة ديبار 16 سوداء)","SBE16N",0,0,0,5,"Électricité & Éclairage"
"BOITE DEPART 02 POLES BMS (بواطة ديبار 2 بول بي أم أس)","FA02",0,0,0,5,"Électricité & Éclairage"
"UNIPOLAIRE BMS 16A MD (ديجونكتور أوني بولير 16 أمبير بي أم أس)","MD1-16A",0,0,0,5,"Électricité & Éclairage"
"UNIPOLAIRE BMS 25A MD (ديجونكتور أوني بولير 25 أمبير بي أم أس)","MD1-25A",0,0,0,5,"Électricité & Éclairage"
"UNIPOLAIRE BMS 10A MD (ديجونكتور أوني بولير 10 أمبير بي أم أس)","MD1-10A",0,0,0,5,"Électricité & Éclairage"
"UNIPOLAIRE BMS 20A MD (ديجونكتور أوني بولير 20 أمبير بي أم أس)","MD1-20A",0,0,0,5,"Électricité & Éclairage"
"UNIPOLAIRE BMS 10A PH+N (ديجونكتور 10 أمبير فاز ونوتر بي أم أس)","DPN-10A",0,0,0,5,"Électricité & Éclairage"
"UNIPOLAIRE BMS 16A PH+N (ديجونكتور 16 أمبير فاز ونوتر بي أم أس)","DPN-16A",0,0,0,5,"Électricité & Éclairage"
"UNIPOLAIRE BMS 20A PH+N (ديجونكتور 20 أمبير فاز ونوتر بي أم أس)","DPN-20A",0,0,0,5,"Électricité & Éclairage"
"UNIPOLAIRE BMS 25A PH+N (ديجونكتور 25 أمبير فاز ونوتر بي أم أس)","DPN-25A",0,0,0,5,"Électricité & Éclairage"
"PROTECTEUR DE TENSION YSMAX 40A/220V (بروتكتور حماية يسماكس 40 أمبير)","12219-1",0,0,0,5,"Électricité & Éclairage"
"PROTECTEUR DE TENSION YSMAX 60A/220V (بروتكتور حماية يسماكس 60 أمبير)","22480",0,0,0,5,"Électricité & Éclairage"
"MONO BOITE DEPART 04 POLES (بواطة ديبار مونو 4 بول)","TDA-04D",0,0,0,5,"Électricité & Éclairage"
"BMS DISJONCTEUR 220V / 45A (ديجونكتور بي أم أس 220ف / 45 أمبير)","DB-2P45A",0,0,0,5,"Électricité & Éclairage"
"BMS DISJONCTEUR 220V / 32A (ديجونكتور بي أم أس 220ف / 32 أمبير)","DB-2P32A",0,0,0,5,"Électricité & Éclairage"
"BMS DISJONCTEUR 380V / 63A (ديجونكتور بي أم أس 380ف / 63 أمبير)","DB-4P63A",0,0,0,5,"Électricité & Éclairage"
"BMS DISJONCTEUR 380V / 45A (ديجونكتور بي أم أس 380ف / 45 أمبير)","DB-4P45A",0,0,0,5,"Électricité & Éclairage"
"BMS DISJONCTEUR DIFFERENTIEL 2P 40A 300MA (ديجونكتور ديفيرونسييل بي أم أس)","BDD2-2P40A30",0,0,0,5,"Électricité & Éclairage"
"GAINE GORGE N°16 MOH (غين كرجوجة 16)","GAINE-16-MOH",0,0,0,5,"Électricité & Éclairage"
"GAINE GORGE N°20 MOH (غين كرجوجة 20)","GAINE-20-MOH",0,0,0,5,"Électricité & Éclairage"
"GAINE GORGE N°25 MOH 50M (غين كرجوجة 25)","GAINE-25-MOH",0,0,0,5,"Électricité & Éclairage"
"GAINE GORGE N°32 MOH 50M (غين كرجوجة 32)","GAINE-32-MOH",0,0,0,5,"Électricité & Éclairage"
"CABLE SOUPLE 2X0.75 CASTELUM (كابل سوبل 2*0.75 كاستلوم)","16286",0,0,0,5,"Électricité & Éclairage"
"PELLE A SUCRE PLASTIC GM (بالة سكر بلاستيك كبيرة)","13195",0,0,0,5,"Quincaillerie & Outillage"
"APPLIQUE ISILDAR 7155 POTEAU (أبليك بوتو إيسيلدار)","19439",0,0,0,5,"Électricité & Éclairage"
"COLLE SUPER GLUE + DURCISSEUR FINK 100ML (سوبر قلو مع دورسيسور فينك 100 مل)","15225",0,0,0,5,"Droguerie & Mastics"
"COLLE SUPER GLUE + DURCISSEUR FINEK 200ML (سوبر قلو مع دورسيسور فينك 200 مل)","22476",0,0,0,5,"Droguerie & Mastics"
"COLLE SUPER GLUE + DURCISSEUR POLIER FIX 400ML (سوبر قلو مع دورسيسور بوليير فيكس 400 مل)","20434",0,0,0,5,"Droguerie & Mastics"
"COLLE SUPER GLUE INCON 12PCS (سوبر قلو أنكون 12 حبة)","21710",0,0,0,5,"Droguerie & Mastics"
"MONO MULTIPRISE ORION 3P 1.5M (ملتيباريز مونو أوريون 3 مقابس 1.5م)","ORP-031",0,0,0,5,"Électricité & Éclairage"
"MONO MULTIPRISE ORION 3P 3M (ملتيباريز مونو أوريون 3 مقابس 3م)","ORP-033",0,0,0,5,"Électricité & Éclairage"
"PISTOLET SILICONE ABC (بيستولي سيليكون أ ب س)","9349-4",0,0,0,5,"Quincaillerie & Outillage"
"RABOT PLACO BA13 PM (رابو بلاكو صغير)","OM-LD",0,0,0,5,"Quincaillerie & Placo"
"RABOT PLACO BA13 GM (رابو بلاكو كبير)","5625",0,0,0,5,"Quincaillerie & Placo"
"PISTOLET SILICONE NWSD (بيستولي سيليكون)","140109",0,0,0,5,"Quincaillerie & Outillage"
"CUTTER PLIANT ENCONI (كيتور مطوي أنكوني)","20475",0,0,0,5,"Quincaillerie & Outillage"
"SCIE ALIKO KAKU N°6 (منشار أليكو كاكو 6)","10031-12",0,0,0,5,"Quincaillerie & Outillage"
"CORDAX + NIVEAU A BULLE (كورداكس + نيفو)","1521",0,0,0,5,"Quincaillerie & Outillage"
"CORDAX FIX TOPE (كورداكس فيكس طوب)","8683",0,0,0,5,"Quincaillerie & Outillage"
"CUTTER JEU DE 3 PCS (كيتور طاقم 3 حبات)","12729",0,0,0,5,"Quincaillerie & Outillage"
"CUTTER PM 12PCS (كيتور صغير 12 حبة)","12108-3",0,0,0,5,"Quincaillerie & Outillage"
"METRE RUBAN 3M FACOME (متر 3م فاكوم)","15735",0,0,0,5,"Quincaillerie & Outillage"
"METRE RUBAN 3M EMTOP 16MM (متر 3م إمتوب 16مم)","EMTP3316M",0,0,0,5,"Quincaillerie & Outillage"
"DYLLU METRE RUBAN 5M*25MM (متر 5م ديلو)","DTMT1230M",0,0,0,5,"Quincaillerie & Outillage"
"METRE RUBAN 5M FACOME LUX 25MM (متر 5م فاكوم لوكس)","4061",0,0,0,5,"Quincaillerie & Outillage"
"METRE RUBAN 5M DING 25MM (متر 5م دينغ)","51004DING",0,0,0,5,"Quincaillerie & Outillage"
"DYLLU MARTEAU 100G (مطرقة ديلو 100غ)","DTHM1301",0,0,0,5,"Quincaillerie & Outillage"
"MARTEAU ARRACHE CLOU HD PLASTIC (مطرقة كلاليب بلاستيك)","22730",0,0,0,5,"Quincaillerie & Outillage"
"RECHANGE DE CUTTER MOUSTACHE (لام كيتور موستاش)","11573",0,0,0,5,"Quincaillerie & Outillage"
"TRINGLE ADEL DOUBLE BLANC (ترانغل عادل دوبل أبيض)","18685",0,0,0,5,"Quincaillerie & Placo"
"TRINGLE ADEL DOUBLE BRONZE (ترانغل عادل دوبل برونز)","18688",0,0,0,5,"Quincaillerie & Placo"
"TRINGLE ADEL DOUBLE NOIR (ترانغل عادل دوبل أسود)","18416",0,0,0,5,"Quincaillerie & Placo"
"TRINGLE ADEL SIMPLE BLANC (ترانغل عادل سامبل أبيض)","18684",0,0,0,5,"Quincaillerie & Placo"
"TRINGLE ADEL SIMPLE NOIR (ترانغل عادل سامبل أسود)","18413",0,0,0,5,"Quincaillerie & Placo"
"TRINGLE ADEL/ASTA SIMPLE BRONZE (ترانغل عادل سامبل برونز)","18412",0,0,0,5,"Quincaillerie & Placo"
"TRINGLE ADEL/ASTA SIMPLE CHROME (ترانغل عادل سامبل كرومي)","18686",0,0,0,5,"Quincaillerie & Placo"
"TRINGLE ADEL/ASTA SIMPLE CUIVRE (ترانغل عادل سامبل نحاسي)","18410",0,0,0,5,"Quincaillerie & Placo"
"DISQUE INOX 115MM WANLON (ديسك إينوكس 115مم وانلون)","15397",0,0,0,5,"Quincaillerie & Outillage"
"DISQUE INOX EMTOP 115*1.2 10PCS (ديسك إينوكس إمتوب 115مم)","EACD121155",0,0,0,5,"Quincaillerie & Outillage"
"DISQUE DIAMANT 115 CROWN VERT (ديسك ديامون كراون 115 أخضر)","CTDDP0001",0,0,0,5,"Quincaillerie & Outillage"
"DYLLU DISQUE DIAMANT 230 ULTRA FIN (ديسك ديامون ديلو 230 ألترا فان)","DTDC4K05",0,0,0,5,"Quincaillerie & Outillage"
"DISQUE RESINE SCRATCH 115 N°100 (ديسك ريزين سكراش 115 رقم 100)","12983",0,0,0,5,"Quincaillerie & Outillage"
"DISQUE RESINE SCRATCH 115 N°60 (ديسك ريزين سكراش 115 رقم 60)","12984",0,0,0,5,"Quincaillerie & Outillage"
"VISSEUSE EMTOP 20V (فيسوز إمتوب 20ف)","ECIDL20668",0,0,0,5,"Quincaillerie & Outillage"
"VISSEUSE EMTOP 12V (فيسوز إمتوب 12ف)","ECDL12456",0,0,0,5,"Quincaillerie & Outillage"
"VISSEUSE EMTOP 4V (فيسوز إمتوب 4ف)","ECSR0408",0,0,0,5,"Quincaillerie & Outillage"
"DYLLU VISSEUSE 4V (فيسوز ديلو 4ف)","DTCV4401",0,0,0,5,"Quincaillerie & Outillage"
"DYLLU VISSEUSE 12V (فيسوز ديلو 12ف)","DTCDS510",0,0,0,5,"Quincaillerie & Outillage"
"VISSEUSE EMTOP 20V 4A (فيسوز إمتوب 20ف 4أمبير)","ECIDL20968",0,0,0,5,"Quincaillerie & Outillage"
"DYLLU PERCEUSE 400W (بيرسوز ديلو 400 واط)","DTED15401",0,0,0,5,"Quincaillerie & Outillage"
"DYLLU PERCEUSE 500W (بيرسوز ديلو 500 واط)","DTED15501",0,0,0,5,"Quincaillerie & Outillage"
"PONCEUSE CROWN 180MM (بونسوز كراون 180مم)","CT13668",0,0,0,5,"Quincaillerie & Outillage"
"MARTEAU PIQUEUR SOFICLEF MP1050-26 (بيكور صوفيكليف 1050 واط)","5351",0,0,0,5,"Quincaillerie & Outillage"
"MARTEAU PIQUEUR SOFICLEF 32MM 1500W (بيكور صوفيكليف 1500 واط)","RH1500-32",0,0,0,5,"Quincaillerie & Outillage"
"MARTEAU PIQUEUR SOFICLEF 26MM 800W MP800K (بيكور صوفيكليف 800 واط)","MP800K",0,0,0,5,"Quincaillerie & Outillage"
"MARTEAU PIQUEUR FIX TOP 850W (بيكور فيكس طوب 850 واط)","BURI",0,0,0,5,"Quincaillerie & Outillage"
"MECHE HILTI N°6/110 (ميش هيلتي 6/110)","HILTI-6-110",0,0,0,5,"Quincaillerie & Outillage"
"MECHE HILTI N°8/110 (ميش هيلتي 8/110)","HILTI-8-110",0,0,0,5,"Quincaillerie & Outillage"
"MECHE HILTI N°10 (ميش هيلتي 10)","HILTI-10",0,0,0,5,"Quincaillerie & Outillage"
"MECHE SL N°6 (ميش 6)","14254",0,0,0,5,"Quincaillerie & Outillage"
"MECHE SL N°4 (ميش 4)","14250",0,0,0,5,"Quincaillerie & Outillage"
"MECHE ACIER HSS N°4 EMTOP (ميش حديد إمتوب 4)","ETDB10401",0,0,0,5,"Quincaillerie & Outillage"
"MECHE ACIER HSS N°5 EMTOP (ميش حديد إمتوب 5)","ETDB10501",0,0,0,5,"Quincaillerie & Outillage"
"MECHE ACIER HSS N°6 EMTOP (ميش حديد إمتوب 6)","ETDB10601",0,0,0,5,"Quincaillerie & Outillage"
"MECHE ACIER HSS N°7 SL (ميش حديد 7)","MCH-HSS-07",0,0,0,5,"Quincaillerie & Outillage"
"EMBOUT TOURNEVIS 10PCS CHROME (أمبو كرومي 10 قطع)","9326-4",0,0,0,5,"Quincaillerie & Outillage"
"EMBOUT CROWN N°13 (أمبو كراون 13)","9987",0,0,0,5,"Quincaillerie & Outillage"
"EMBOUT TOURNEVIS JEUX 10PCS EMTOP (أمبو طاقم 10 قطع إمتوب)","ESBTMPH233",0,0,0,5,"Quincaillerie & Outillage"
"EMBOUT N°10 5PCS (أمبو 10 طاقم 5 قطع)","12275",0,0,0,5,"Quincaillerie & Outillage"
"EMBOUT N°13 5PCS (أمبو 13 طاقم 5 قطع)","12274",0,0,0,5,"Quincaillerie & Outillage"
"ESCABEAU ALLUM SAF LEDER N°4 (سلم ألمنيوم 4 درجات)","20748",0,0,0,5,"Quincaillerie & Outillage"
"ESCABEAU ALLUM N°05 SCALE VALENCIA (سلم ألمنيوم فالنسيا 5 درجات)","10986",0,0,0,5,"Quincaillerie & Outillage"
"BALANCE ELECTRONIQUE TASSILI 40KG (ميزان إلكتروني طاسيلي 40 كغ)","TASILI-E40KG",0,0,0,5,"Quincaillerie & Outillage"
"DYLLU NIVEAU LASER AUTO 30M L/VERT (نيفو ليزر ديلو 30م أخضر)","DTLE2M03",0,0,0,5,"Quincaillerie & Outillage"
"DYLLU NIVEAU LASER 3D/360° (نيفو ليزر ديلو 360 درجة)","DTLE8M12",0,0,0,5,"Quincaillerie & Outillage"
"NIVEAU LASER EMTOP 5 LIGNES (نيفو ليزر إمتوب 5 خطوط)","ESLE2M05",0,0,0,5,"Quincaillerie & Outillage"
"SERRE JOINT N°40 VAST KING (سير جوان 40 فاست كينغ)","12113-14",0,0,0,5,"Quincaillerie & Outillage"
"SERRE JOINT N°60 VAST KING (سير جوان 60 فاست كينغ)","12114-1",0,0,0,5,"Quincaillerie & Outillage"
"SCIE A CLOCHE 16PCS OPTIMUS (منشار ثقب 16 قطعة أوبتيموس)","515",0,0,0,5,"Quincaillerie & Outillage"
"DYLLU CORDAX + NIVEAU 30M (كورداكس + نيفو ديلو 30م)","DTHX1630",0,0,0,5,"Quincaillerie & Outillage"
"COLLIER MULTICOUCHE 16 SPHAX (كولي مالتيكوش 16)","16938",0,0,0,5,"Quincaillerie & Placo"
"CHARBON CROWN 115 OR / 1601 CT13003 (شاربون كراون 115)","CH13003",0,0,0,5,"Quincaillerie & Outillage"
"CHARBON CROWN PERC 13MM 500W (شاربون كراون بيرسوز)","CH10085",0,0,0,5,"Quincaillerie & Outillage"
"CHARBON BOSCH 230MM BS180 (شاربون بوش 230مم)","2169",0,0,0,5,"Quincaillerie & Outillage"
"CHARBON JEUX 12PCS SL (طاقم شاربون 12 قطعة)","CHARBONE",0,0,0,5,"Quincaillerie & Outillage"
"CHARBON CROWN J45/1700 -18024/ 18021 (شاربون كراون)","CH18021",0,0,0,5,"Quincaillerie & Outillage"
"CHARBON CROWN OR 13M CT100/77 (شاربون كراون 13)","CH10077",0,0,0,5,"Quincaillerie & Outillage"
"CHARBON MARTEAU PIQUEUR 32MM 18056 (شاربون بيكور 32مم)","CH18056",0,0,0,5,"Quincaillerie & Outillage"